latitude, longitude, title, reported, expires, description, acks, diss
52.23611617, 0.10877803, "Cambridge Hazard", "2016-02-12 15:25:25", "2015-10-01 00:00:00", "A hazard in cambridge", 0, 0
52.18650285, 0.06947925, "Cambridge Hazard", "2016-02-12 15:25:25", "2015-10-01 00:00:00", "A hazard in cambridge", 0, 0
52.21829884, 0.11136678, "Cambridge Hazard", "2016-02-12 15:25:25", "2015-10-01 00:00:00", "A hazard in cambridge", 0, 0
52.21563457, 0.18399436, "Cambridge Hazard", "2016-02-12 15:25:25", "2015-10-01 00:00:00", "A hazard in cambridge", 0, 0
52.22683233, 0.14880077, "Cambridge Hazard", "2016-02-12 15:25:25", "2015-10-01 00:00:00", "A hazard in cambridge", 0, 0
52.24348782, 0.11577322, "Cambridge Hazard", "2016-02-12 15:25:25", "2015-10-01 00:00:00", "A hazard in cambridge", 0, 0
52.16732143, 0.14428361, "Cambridge Hazard", "2016-02-12 15:25:25", "2015-10-01 00:00:00", "A hazard in cambridge", 0, 0
52.17161641, 0.10419944, "Cambridge Hazard", "2016-02-12 15:25:25", "2015-10-01 00:00:00", "A hazard in cambridge", 0, 0
52.22124993, 0.13391911, "Cambridge Hazard", "2016-02-12 15:25:25", "2015-10-01 00:00:00", "A hazard in cambridge", 0, 0
52.22500058, 0.08064499, "Cambridge Hazard", "2016-02-12 15:25:25", "2015-10-01 00:00:00", "A hazard in cambridge", 0, 0
52.16339039, 0.1173997, "Cambridge Hazard", "2016-02-12 15:25:25", "2015-10-01 00:00:00", "A hazard in cambridge", 0, 0
52.18886408, 0.06140686, "Cambridge Hazard", "2016-02-12 15:25:25", "2015-10-01 00:00:00", "A hazard in cambridge", 0, 0
52.19583551, 0.09160984, "Cambridge Hazard", "2016-02-12 15:25:25", "2015-10-01 00:00:00", "A hazard in cambridge", 0, 0
52.21167258, 0.16761336, "Cambridge Hazard", "2016-02-12 15:25:25", "2015-10-01 00:00:00", "A hazard in cambridge", 0, 0
52.19925058, 0.15721636, "Cambridge Hazard", "2016-02-12 15:25:25", "2015-10-01 00:00:00", "A hazard in cambridge", 0, 0
52.21170636, 0.08292168, "Cambridge Hazard", "2016-02-12 15:25:25", "2015-10-01 00:00:00", "A hazard in cambridge", 0, 0
52.19830525, 0.10965776, "Cambridge Hazard", "2016-02-12 15:25:25", "2015-10-01 00:00:00", "A hazard in cambridge", 0, 0
52.17534273, 0.07316755, "Cambridge Hazard", "2016-02-12 15:25:25", "2015-10-01 00:00:00", "A hazard in cambridge", 0, 0
52.23803308, 0.12042727, "Cambridge Hazard", "2016-02-12 15:25:25", "2015-10-01 00:00:00", "A hazard in cambridge", 0, 0
52.22123775, 0.12551348, "Cambridge Hazard", "2016-02-12 15:25:25", "2015-10-01 00:00:00", "A hazard in cambridge", 0, 0
52.22518376, 0.09355265, "Cambridge Hazard", "2016-02-12 15:25:25", "2015-10-01 00:00:00", "A hazard in cambridge", 0, 0
52.18459104, 0.16377325, "Cambridge Hazard", "2016-02-12 15:25:25", "2015-10-01 00:00:00", "A hazard in cambridge", 0, 0
52.20423927, 0.11846703, "Cambridge Hazard", "2016-02-12 15:25:25", "2015-10-01 00:00:00", "A hazard in cambridge", 0, 0
52.21068935, 0.11144358, "Cambridge Hazard", "2016-02-12 15:25:25", "2015-10-01 00:00:00", "A hazard in cambridge", 0, 0
52.19044711, 0.15322641, "Cambridge Hazard", "2016-02-12 15:25:25", "2015-10-01 00:00:00", "A hazard in cambridge", 0, 0
52.17682076, 0.14384296, "Cambridge Hazard", "2016-02-12 15:25:25", "2015-10-01 00:00:00", "A hazard in cambridge", 0, 0
52.20129286, 0.17285847, "Cambridge Hazard", "2016-02-12 15:25:25", "2015-10-01 00:00:00", "A hazard in cambridge", 0, 0
52.20038551, 0.10477354, "Cambridge Hazard", "2016-02-12 15:25:25", "2015-10-01 00:00:00", "A hazard in cambridge", 0, 0
52.22976309, 0.14980682, "Cambridge Hazard", "2016-02-12 15:25:25", "2015-10-01 00:00:00", "A hazard in cambridge", 0, 0
52.17929907, 0.16149409, "Cambridge Hazard", "2016-02-12 15:25:25", "2015-10-01 00:00:00", "A hazard in cambridge", 0, 0
52.17661346, 0.10354945, "Cambridge Hazard", "2016-02-12 15:25:25", "2015-10-01 00:00:00", "A hazard in cambridge", 0, 0
52.21267622, 0.17436102, "Cambridge Hazard", "2016-02-12 15:25:25", "2015-10-01 00:00:00", "A hazard in cambridge", 0, 0
52.20482693, 0.1642133, "Cambridge Hazard", "2016-02-12 15:25:25", "2015-10-01 00:00:00", "A hazard in cambridge", 0, 0
52.17468002, 0.07077413, "Cambridge Hazard", "2016-02-12 15:25:25", "2015-10-01 00:00:00", "A hazard in cambridge", 0, 0
52.22716351, 0.09206116, "Cambridge Hazard", "2016-02-12 15:25:25", "2015-10-01 00:00:00", "A hazard in cambridge", 0, 0
52.22528747, 0.13058772, "Cambridge Hazard", "2016-02-12 15:25:25", "2015-10-01 00:00:00", "A hazard in cambridge", 0, 0
52.22393105, 0.11305074, "Cambridge Hazard", "2016-02-12 15:25:25", "2015-10-01 00:00:00", "A hazard in cambridge", 0, 0
52.19140913, 0.07753583, "Cambridge Hazard", "2016-02-12 15:25:25", "2015-10-01 00:00:00", "A hazard in cambridge", 0, 0
52.2335779, 0.14319682, "Cambridge Hazard", "2016-02-12 15:25:25", "2015-10-01 00:00:00", "A hazard in cambridge", 0, 0
52.23721206, 0.16512111, "Cambridge Hazard", "2016-02-12 15:25:25", "2015-10-01 00:00:00", "A hazard in cambridge", 0, 0
52.21498871, 0.12194869, "Cambridge Hazard", "2016-02-12 15:25:25", "2015-10-01 00:00:00", "A hazard in cambridge", 0, 0
52.20575957, 0.05961197, "Cambridge Hazard", "2016-02-12 15:25:25", "2015-10-01 00:00:00", "A hazard in cambridge", 0, 0
52.21976359, 0.0572151, "Cambridge Hazard", "2016-02-12 15:25:25", "2015-10-01 00:00:00", "A hazard in cambridge", 0, 0
52.2425983, 0.14796278, "Cambridge Hazard", "2016-02-12 15:25:25", "2015-10-01 00:00:00", "A hazard in cambridge", 0, 0
52.18664878, 0.0578685, "Cambridge Hazard", "2016-02-12 15:25:25", "2015-10-01 00:00:00", "A hazard in cambridge", 0, 0
52.18763344, 0.16158946, "Cambridge Hazard", "2016-02-12 15:25:25", "2015-10-01 00:00:00", "A hazard in cambridge", 0, 0
52.23060874, 0.10407366, "Cambridge Hazard", "2016-02-12 15:25:25", "2015-10-01 00:00:00", "A hazard in cambridge", 0, 0
52.23745531, 0.13448053, "Cambridge Hazard", "2016-02-12 15:25:25", "2015-10-01 00:00:00", "A hazard in cambridge", 0, 0
52.1739527, 0.07294947, "Cambridge Hazard", "2016-02-12 15:25:25", "2015-10-01 00:00:00", "A hazard in cambridge", 0, 0
52.23624036, 0.16908299, "Cambridge Hazard", "2016-02-12 15:25:25", "2015-10-01 00:00:00", "A hazard in cambridge", 0, 0
52.19616142, 0.0806422, "Cambridge Hazard", "2016-02-12 15:25:25", "2015-10-01 00:00:00", "A hazard in cambridge", 0, 0
52.23412589, 0.12116957, "Cambridge Hazard", "2016-02-12 15:25:25", "2015-10-01 00:00:00", "A hazard in cambridge", 0, 0
52.24493251, 0.11695862, "Cambridge Hazard", "2016-02-12 15:25:25", "2015-10-01 00:00:00", "A hazard in cambridge", 0, 0
52.20212078, 0.11950239, "Cambridge Hazard", "2016-02-12 15:25:25", "2015-10-01 00:00:00", "A hazard in cambridge", 0, 0
52.17802455, 0.15718855, "Cambridge Hazard", "2016-02-12 15:25:25", "2015-10-01 00:00:00", "A hazard in cambridge", 0, 0
52.18544435, 0.08719056, "Cambridge Hazard", "2016-02-12 15:25:25", "2015-10-01 00:00:00", "A hazard in cambridge", 0, 0
52.21800346, 0.13291109, "Cambridge Hazard", "2016-02-12 15:25:25", "2015-10-01 00:00:00", "A hazard in cambridge", 0, 0
52.21512908, 0.15314483, "Cambridge Hazard", "2016-02-12 15:25:25", "2015-10-01 00:00:00", "A hazard in cambridge", 0, 0
52.18388314, 0.17234438, "Cambridge Hazard", "2016-02-12 15:25:25", "2015-10-01 00:00:00", "A hazard in cambridge", 0, 0
52.16985904, 0.10197717, "Cambridge Hazard", "2016-02-12 15:25:25", "2015-10-01 00:00:00", "A hazard in cambridge", 0, 0
52.20620707, 0.12886118, "Cambridge Hazard", "2016-02-12 15:25:25", "2015-10-01 00:00:00", "A hazard in cambridge", 0, 0
52.19221719, 0.17089607, "Cambridge Hazard", "2016-02-12 15:25:25", "2015-10-01 00:00:00", "A hazard in cambridge", 0, 0
52.17823249, 0.16473209, "Cambridge Hazard", "2016-02-12 15:25:25", "2015-10-01 00:00:00", "A hazard in cambridge", 0, 0
52.16342916, 0.12648419, "Cambridge Hazard", "2016-02-12 15:25:25", "2015-10-01 00:00:00", "A hazard in cambridge", 0, 0
52.21334692, 0.1281341, "Cambridge Hazard", "2016-02-12 15:25:25", "2015-10-01 00:00:00", "A hazard in cambridge", 0, 0
52.18490736, 0.14011227, "Cambridge Hazard", "2016-02-12 15:25:25", "2015-10-01 00:00:00", "A hazard in cambridge", 0, 0
52.23121166, 0.14628076, "Cambridge Hazard", "2016-02-12 15:25:25", "2015-10-01 00:00:00", "A hazard in cambridge", 0, 0
52.23536975, 0.12854538, "Cambridge Hazard", "2016-02-12 15:25:25", "2015-10-01 00:00:00", "A hazard in cambridge", 0, 0
52.20960396, 0.12888081, "Cambridge Hazard", "2016-02-12 15:25:25", "2015-10-01 00:00:00", "A hazard in cambridge", 0, 0
52.20072105, 0.11693159, "Cambridge Hazard", "2016-02-12 15:25:25", "2015-10-01 00:00:00", "A hazard in cambridge", 0, 0
52.22527682, 0.18173176, "Cambridge Hazard", "2016-02-12 15:25:25", "2015-10-01 00:00:00", "A hazard in cambridge", 0, 0
52.19627515, 0.07748312, "Cambridge Hazard", "2016-02-12 15:25:25", "2015-10-01 00:00:00", "A hazard in cambridge", 0, 0
52.22430906, 0.12704994, "Cambridge Hazard", "2016-02-12 15:25:25", "2015-10-01 00:00:00", "A hazard in cambridge", 0, 0
52.21048227, 0.06254501, "Cambridge Hazard", "2016-02-12 15:25:25", "2015-10-01 00:00:00", "A hazard in cambridge", 0, 0
52.18809029, 0.13666587, "Cambridge Hazard", "2016-02-12 15:25:25", "2015-10-01 00:00:00", "A hazard in cambridge", 0, 0
52.20851987, 0.13323334, "Cambridge Hazard", "2016-02-12 15:25:25", "2015-10-01 00:00:00", "A hazard in cambridge", 0, 0
52.20888457, 0.14454791, "Cambridge Hazard", "2016-02-12 15:25:25", "2015-10-01 00:00:00", "A hazard in cambridge", 0, 0
52.20562285, 0.09468537, "Cambridge Hazard", "2016-02-12 15:25:25", "2015-10-01 00:00:00", "A hazard in cambridge", 0, 0
52.2285205, 0.10559538, "Cambridge Hazard", "2016-02-12 15:25:25", "2015-10-01 00:00:00", "A hazard in cambridge", 0, 0
52.17843903, 0.14241005, "Cambridge Hazard", "2016-02-12 15:25:25", "2015-10-01 00:00:00", "A hazard in cambridge", 0, 0
52.2031368, 0.06775458, "Cambridge Hazard", "2016-02-12 15:25:25", "2015-10-01 00:00:00", "A hazard in cambridge", 0, 0
52.20587208, 0.12992716, "Cambridge Hazard", "2016-02-12 15:25:25", "2015-10-01 00:00:00", "A hazard in cambridge", 0, 0
52.21464879, 0.12500178, "Cambridge Hazard", "2016-02-12 15:25:25", "2015-10-01 00:00:00", "A hazard in cambridge", 0, 0
52.17221771, 0.11002894, "Cambridge Hazard", "2016-02-12 15:25:25", "2015-10-01 00:00:00", "A hazard in cambridge", 0, 0
52.19575261, 0.10542686, "Cambridge Hazard", "2016-02-12 15:25:25", "2015-10-01 00:00:00", "A hazard in cambridge", 0, 0
52.17975296, 0.16013871, "Cambridge Hazard", "2016-02-12 15:25:25", "2015-10-01 00:00:00", "A hazard in cambridge", 0, 0
52.22681364, 0.13244436, "Cambridge Hazard", "2016-02-12 15:25:25", "2015-10-01 00:00:00", "A hazard in cambridge", 0, 0
52.18208466, 0.14326833, "Cambridge Hazard", "2016-02-12 15:25:25", "2015-10-01 00:00:00", "A hazard in cambridge", 0, 0
52.23161676, 0.09149092, "Cambridge Hazard", "2016-02-12 15:25:25", "2015-10-01 00:00:00", "A hazard in cambridge", 0, 0
52.21940291, 0.06046523, "Cambridge Hazard", "2016-02-12 15:25:25", "2015-10-01 00:00:00", "A hazard in cambridge", 0, 0
52.20134727, 0.17234703, "Cambridge Hazard", "2016-02-12 15:25:25", "2015-10-01 00:00:00", "A hazard in cambridge", 0, 0
52.22813107, 0.08258171, "Cambridge Hazard", "2016-02-12 15:25:25", "2015-10-01 00:00:00", "A hazard in cambridge", 0, 0
52.16659382, 0.09241769, "Cambridge Hazard", "2016-02-12 15:25:25", "2015-10-01 00:00:00", "A hazard in cambridge", 0, 0
52.19543793, 0.12107465, "Cambridge Hazard", "2016-02-12 15:25:25", "2015-10-01 00:00:00", "A hazard in cambridge", 0, 0
52.18716279, 0.16336447, "Cambridge Hazard", "2016-02-12 15:25:25", "2015-10-01 00:00:00", "A hazard in cambridge", 0, 0
52.22772002, 0.16822724, "Cambridge Hazard", "2016-02-12 15:25:25", "2015-10-01 00:00:00", "A hazard in cambridge", 0, 0
52.20949065, 0.07849979, "Cambridge Hazard", "2016-02-12 15:25:25", "2015-10-01 00:00:00", "A hazard in cambridge", 0, 0
52.21701696, 0.16616927, "Cambridge Hazard", "2016-02-12 15:25:25", "2015-10-01 00:00:00", "A hazard in cambridge", 0, 0
52.1973573, 0.12765429, "Cambridge Hazard", "2016-02-12 15:25:25", "2015-10-01 00:00:00", "A hazard in cambridge", 0, 0
52.20971475, 0.17362957, "Cambridge Hazard", "2016-02-12 15:25:25", "2015-10-01 00:00:00", "A hazard in cambridge", 0, 0
52.23158174, 0.107528, "Cambridge Hazard", "2016-02-12 15:25:25", "2015-10-01 00:00:00", "A hazard in cambridge", 0, 0
52.23270384, 0.16947163, "Cambridge Hazard", "2016-02-12 15:25:25", "2015-10-01 00:00:00", "A hazard in cambridge", 0, 0
52.19777425, 0.16009726, "Cambridge Hazard", "2016-02-12 15:25:25", "2015-10-01 00:00:00", "A hazard in cambridge", 0, 0
52.22012322, 0.1728487, "Cambridge Hazard", "2016-02-12 15:25:25", "2015-10-01 00:00:00", "A hazard in cambridge", 0, 0
52.19090622, 0.16144193, "Cambridge Hazard", "2016-02-12 15:25:25", "2015-10-01 00:00:00", "A hazard in cambridge", 0, 0
52.22340595, 0.10682314, "Cambridge Hazard", "2016-02-12 15:25:25", "2015-10-01 00:00:00", "A hazard in cambridge", 0, 0
52.20763733, 0.12446637, "Cambridge Hazard", "2016-02-12 15:25:25", "2015-10-01 00:00:00", "A hazard in cambridge", 0, 0
52.19860833, 0.1042958, "Cambridge Hazard", "2016-02-12 15:25:25", "2015-10-01 00:00:00", "A hazard in cambridge", 0, 0
52.23521286, 0.06917437, "Cambridge Hazard", "2016-02-12 15:25:25", "2015-10-01 00:00:00", "A hazard in cambridge", 0, 0
52.23128833, 0.14702611, "Cambridge Hazard", "2016-02-12 15:25:25", "2015-10-01 00:00:00", "A hazard in cambridge", 0, 0
52.2183265, 0.13463367, "Cambridge Hazard", "2016-02-12 15:25:25", "2015-10-01 00:00:00", "A hazard in cambridge", 0, 0
52.23005983, 0.10214841, "Cambridge Hazard", "2016-02-12 15:25:25", "2015-10-01 00:00:00", "A hazard in cambridge", 0, 0
52.23823412, 0.10287963, "Cambridge Hazard", "2016-02-12 15:25:25", "2015-10-01 00:00:00", "A hazard in cambridge", 0, 0
52.23787841, 0.12271706, "Cambridge Hazard", "2016-02-12 15:25:25", "2015-10-01 00:00:00", "A hazard in cambridge", 0, 0
52.19046545, 0.12683637, "Cambridge Hazard", "2016-02-12 15:25:25", "2015-10-01 00:00:00", "A hazard in cambridge", 0, 0
52.23109621, 0.06634667, "Cambridge Hazard", "2016-02-12 15:25:25", "2015-10-01 00:00:00", "A hazard in cambridge", 0, 0
52.20510764, 0.13176378, "Cambridge Hazard", "2016-02-12 15:25:25", "2015-10-01 00:00:00", "A hazard in cambridge", 0, 0
52.19561065, 0.09542849, "Cambridge Hazard", "2016-02-12 15:25:25", "2015-10-01 00:00:00", "A hazard in cambridge", 0, 0
52.21685169, 0.16879436, "Cambridge Hazard", "2016-02-12 15:25:25", "2015-10-01 00:00:00", "A hazard in cambridge", 0, 0
52.2110356, 0.11874098, "Cambridge Hazard", "2016-02-12 15:25:25", "2015-10-01 00:00:00", "A hazard in cambridge", 0, 0
52.19538829, 0.10497821, "Cambridge Hazard", "2016-02-12 15:25:25", "2015-10-01 00:00:00", "A hazard in cambridge", 0, 0
52.19082242, 0.12034853, "Cambridge Hazard", "2016-02-12 15:25:25", "2015-10-01 00:00:00", "A hazard in cambridge", 0, 0
52.2066253, 0.07041687, "Cambridge Hazard", "2016-02-12 15:25:25", "2015-10-01 00:00:00", "A hazard in cambridge", 0, 0
52.2031593, 0.17972069, "Cambridge Hazard", "2016-02-12 15:25:25", "2015-10-01 00:00:00", "A hazard in cambridge", 0, 0
52.18850555, 0.06282611, "Cambridge Hazard", "2016-02-12 15:25:25", "2015-10-01 00:00:00", "A hazard in cambridge", 0, 0
52.19418723, 0.0725011, "Cambridge Hazard", "2016-02-12 15:25:25", "2015-10-01 00:00:00", "A hazard in cambridge", 0, 0
52.20662517, 0.17664418, "Cambridge Hazard", "2016-02-12 15:25:25", "2015-10-01 00:00:00", "A hazard in cambridge", 0, 0
52.21169922, 0.14470185, "Cambridge Hazard", "2016-02-12 15:25:25", "2015-10-01 00:00:00", "A hazard in cambridge", 0, 0
52.17745108, 0.13820071, "Cambridge Hazard", "2016-02-12 15:25:25", "2015-10-01 00:00:00", "A hazard in cambridge", 0, 0
52.17572843, 0.07181388, "Cambridge Hazard", "2016-02-12 15:25:25", "2015-10-01 00:00:00", "A hazard in cambridge", 0, 0
52.22077667, 0.08873354, "Cambridge Hazard", "2016-02-12 15:25:25", "2015-10-01 00:00:00", "A hazard in cambridge", 0, 0
52.18517463, 0.12573734, "Cambridge Hazard", "2016-02-12 15:25:25", "2015-10-01 00:00:00", "A hazard in cambridge", 0, 0
52.21672715, 0.06162023, "Cambridge Hazard", "2016-02-12 15:25:25", "2015-10-01 00:00:00", "A hazard in cambridge", 0, 0
52.22853192, 0.14113306, "Cambridge Hazard", "2016-02-12 15:25:25", "2015-10-01 00:00:00", "A hazard in cambridge", 0, 0
52.18227047, 0.14029291, "Cambridge Hazard", "2016-02-12 15:25:25", "2015-10-01 00:00:00", "A hazard in cambridge", 0, 0
52.19114355, 0.06694156, "Cambridge Hazard", "2016-02-12 15:25:25", "2015-10-01 00:00:00", "A hazard in cambridge", 0, 0
52.21552128, 0.15356077, "Cambridge Hazard", "2016-02-12 15:25:25", "2015-10-01 00:00:00", "A hazard in cambridge", 0, 0
52.19365269, 0.14296152, "Cambridge Hazard", "2016-02-12 15:25:25", "2015-10-01 00:00:00", "A hazard in cambridge", 0, 0
52.20395917, 0.05726866, "Cambridge Hazard", "2016-02-12 15:25:25", "2015-10-01 00:00:00", "A hazard in cambridge", 0, 0
52.21120044, 0.14487307, "Cambridge Hazard", "2016-02-12 15:25:25", "2015-10-01 00:00:00", "A hazard in cambridge", 0, 0
52.17154317, 0.12723797, "Cambridge Hazard", "2016-02-12 15:25:25", "2015-10-01 00:00:00", "A hazard in cambridge", 0, 0
52.23215006, 0.1588047, "Cambridge Hazard", "2016-02-12 15:25:25", "2015-10-01 00:00:00", "A hazard in cambridge", 0, 0
52.1880063, 0.11278782, "Cambridge Hazard", "2016-02-12 15:25:25", "2015-10-01 00:00:00", "A hazard in cambridge", 0, 0
52.23949465, 0.16438238, "Cambridge Hazard", "2016-02-12 15:25:25", "2015-10-01 00:00:00", "A hazard in cambridge", 0, 0
52.17946971, 0.08651692, "Cambridge Hazard", "2016-02-12 15:25:25", "2015-10-01 00:00:00", "A hazard in cambridge", 0, 0
52.19122441, 0.08272988, "Cambridge Hazard", "2016-02-12 15:25:25", "2015-10-01 00:00:00", "A hazard in cambridge", 0, 0
52.1945104, 0.18159276, "Cambridge Hazard", "2016-02-12 15:25:25", "2015-10-01 00:00:00", "A hazard in cambridge", 0, 0
52.22316945, 0.06659963, "Cambridge Hazard", "2016-02-12 15:25:25", "2015-10-01 00:00:00", "A hazard in cambridge", 0, 0
52.18751696, 0.15726884, "Cambridge Hazard", "2016-02-12 15:25:25", "2015-10-01 00:00:00", "A hazard in cambridge", 0, 0
52.21192835, 0.11180974, "Cambridge Hazard", "2016-02-12 15:25:25", "2015-10-01 00:00:00", "A hazard in cambridge", 0, 0
52.19490365, 0.08824735, "Cambridge Hazard", "2016-02-12 15:25:25", "2015-10-01 00:00:00", "A hazard in cambridge", 0, 0
52.21478026, 0.09922135, "Cambridge Hazard", "2016-02-12 15:25:25", "2015-10-01 00:00:00", "A hazard in cambridge", 0, 0
52.21729974, 0.05134606, "Cambridge Hazard", "2016-02-12 15:25:25", "2015-10-01 00:00:00", "A hazard in cambridge", 0, 0
52.22114342, 0.17147198, "Cambridge Hazard", "2016-02-12 15:25:25", "2015-10-01 00:00:00", "A hazard in cambridge", 0, 0
52.19265795, 0.13040509, "Cambridge Hazard", "2016-02-12 15:25:25", "2015-10-01 00:00:00", "A hazard in cambridge", 0, 0
52.22906631, 0.16080864, "Cambridge Hazard", "2016-02-12 15:25:25", "2015-10-01 00:00:00", "A hazard in cambridge", 0, 0
52.17167416, 0.07936244, "Cambridge Hazard", "2016-02-12 15:25:25", "2015-10-01 00:00:00", "A hazard in cambridge", 0, 0
52.24408572, 0.09405618, "Cambridge Hazard", "2016-02-12 15:25:25", "2015-10-01 00:00:00", "A hazard in cambridge", 0, 0
52.17033742, 0.08766538, "Cambridge Hazard", "2016-02-12 15:25:25", "2015-10-01 00:00:00", "A hazard in cambridge", 0, 0
52.24100788, 0.12727153, "Cambridge Hazard", "2016-02-12 15:25:25", "2015-10-01 00:00:00", "A hazard in cambridge", 0, 0
52.20208125, 0.05290227, "Cambridge Hazard", "2016-02-12 15:25:25", "2015-10-01 00:00:00", "A hazard in cambridge", 0, 0
52.17933971, 0.06874524, "Cambridge Hazard", "2016-02-12 15:25:25", "2015-10-01 00:00:00", "A hazard in cambridge", 0, 0
52.22018405, 0.14869304, "Cambridge Hazard", "2016-02-12 15:25:25", "2015-10-01 00:00:00", "A hazard in cambridge", 0, 0
52.21961736, 0.15708664, "Cambridge Hazard", "2016-02-12 15:25:25", "2015-10-01 00:00:00", "A hazard in cambridge", 0, 0
52.23343706, 0.09413582, "Cambridge Hazard", "2016-02-12 15:25:25", "2015-10-01 00:00:00", "A hazard in cambridge", 0, 0
52.21746459, 0.14399297, "Cambridge Hazard", "2016-02-12 15:25:25", "2015-10-01 00:00:00", "A hazard in cambridge", 0, 0
52.23843845, 0.09022932, "Cambridge Hazard", "2016-02-12 15:25:25", "2015-10-01 00:00:00", "A hazard in cambridge", 0, 0
52.20609936, 0.07180992, "Cambridge Hazard", "2016-02-12 15:25:25", "2015-10-01 00:00:00", "A hazard in cambridge", 0, 0
52.23328529, 0.09170336, "Cambridge Hazard", "2016-02-12 15:25:25", "2015-10-01 00:00:00", "A hazard in cambridge", 0, 0
52.20751127, 0.11846211, "Cambridge Hazard", "2016-02-12 15:25:25", "2015-10-01 00:00:00", "A hazard in cambridge", 0, 0
52.2250831, 0.16036949, "Cambridge Hazard", "2016-02-12 15:25:25", "2015-10-01 00:00:00", "A hazard in cambridge", 0, 0
52.21752329, 0.10418727, "Cambridge Hazard", "2016-02-12 15:25:25", "2015-10-01 00:00:00", "A hazard in cambridge", 0, 0
52.22797931, 0.15213487, "Cambridge Hazard", "2016-02-12 15:25:25", "2015-10-01 00:00:00", "A hazard in cambridge", 0, 0
52.20711266, 0.16440626, "Cambridge Hazard", "2016-02-12 15:25:25", "2015-10-01 00:00:00", "A hazard in cambridge", 0, 0
52.16533473, 0.13865283, "Cambridge Hazard", "2016-02-12 15:25:25", "2015-10-01 00:00:00", "A hazard in cambridge", 0, 0
52.21915774, 0.17948806, "Cambridge Hazard", "2016-02-12 15:25:25", "2015-10-01 00:00:00", "A hazard in cambridge", 0, 0
52.22405049, 0.08408637, "Cambridge Hazard", "2016-02-12 15:25:25", "2015-10-01 00:00:00", "A hazard in cambridge", 0, 0
52.1846673, 0.16302145, "Cambridge Hazard", "2016-02-12 15:25:25", "2015-10-01 00:00:00", "A hazard in cambridge", 0, 0
52.19761364, 0.14752348, "Cambridge Hazard", "2016-02-12 15:25:25", "2015-10-01 00:00:00", "A hazard in cambridge", 0, 0
52.17781289, 0.14845226, "Cambridge Hazard", "2016-02-12 15:25:25", "2015-10-01 00:00:00", "A hazard in cambridge", 0, 0
52.1890314, 0.15150323, "Cambridge Hazard", "2016-02-12 15:25:25", "2015-10-01 00:00:00", "A hazard in cambridge", 0, 0
52.21963171, 0.13247792, "Cambridge Hazard", "2016-02-12 15:25:25", "2015-10-01 00:00:00", "A hazard in cambridge", 0, 0
52.19706377, 0.17230642, "Cambridge Hazard", "2016-02-12 15:25:25", "2015-10-01 00:00:00", "A hazard in cambridge", 0, 0
52.22287395, 0.14578123, "Cambridge Hazard", "2016-02-12 15:25:25", "2015-10-01 00:00:00", "A hazard in cambridge", 0, 0
52.24180578, 0.12104061, "Cambridge Hazard", "2016-02-12 15:25:25", "2015-10-01 00:00:00", "A hazard in cambridge", 0, 0
52.21718757, 0.12329492, "Cambridge Hazard", "2016-02-12 15:25:25", "2015-10-01 00:00:00", "A hazard in cambridge", 0, 0
52.21521288, 0.17250496, "Cambridge Hazard", "2016-02-12 15:25:25", "2015-10-01 00:00:00", "A hazard in cambridge", 0, 0
52.23573485, 0.17054132, "Cambridge Hazard", "2016-02-12 15:25:25", "2015-10-01 00:00:00", "A hazard in cambridge", 0, 0
52.23661189, 0.08150287, "Cambridge Hazard", "2016-02-12 15:25:25", "2015-10-01 00:00:00", "A hazard in cambridge", 0, 0
52.21270286, 0.11889324, "Cambridge Hazard", "2016-02-12 15:25:25", "2015-10-01 00:00:00", "A hazard in cambridge", 0, 0
52.16600089, 0.13215217, "Cambridge Hazard", "2016-02-12 15:25:25", "2015-10-01 00:00:00", "A hazard in cambridge", 0, 0
52.18837173, 0.10979046, "Cambridge Hazard", "2016-02-12 15:25:25", "2015-10-01 00:00:00", "A hazard in cambridge", 0, 0
52.2156149, 0.06678031, "Cambridge Hazard", "2016-02-12 15:25:25", "2015-10-01 00:00:00", "A hazard in cambridge", 0, 0
52.23697635, 0.12745346, "Cambridge Hazard", "2016-02-12 15:25:25", "2015-10-01 00:00:00", "A hazard in cambridge", 0, 0
52.23940308, 0.12098442, "Cambridge Hazard", "2016-02-12 15:25:25", "2015-10-01 00:00:00", "A hazard in cambridge", 0, 0
52.22653079, 0.06728436, "Cambridge Hazard", "2016-02-12 15:25:25", "2015-10-01 00:00:00", "A hazard in cambridge", 0, 0
52.20355455, 0.06049044, "Cambridge Hazard", "2016-02-12 15:25:25", "2015-10-01 00:00:00", "A hazard in cambridge", 0, 0
52.24305325, 0.15408077, "Cambridge Hazard", "2016-02-12 15:25:25", "2015-10-01 00:00:00", "A hazard in cambridge", 0, 0
52.19936637, 0.17613575, "Cambridge Hazard", "2016-02-12 15:25:25", "2015-10-01 00:00:00", "A hazard in cambridge", 0, 0
52.17257858, 0.15590754, "Cambridge Hazard", "2016-02-12 15:25:25", "2015-10-01 00:00:00", "A hazard in cambridge", 0, 0
52.20155811, 0.0983557, "Cambridge Hazard", "2016-02-12 15:25:25", "2015-10-01 00:00:00", "A hazard in cambridge", 0, 0
52.19570806, 0.16807224, "Cambridge Hazard", "2016-02-12 15:25:25", "2015-10-01 00:00:00", "A hazard in cambridge", 0, 0
52.22770224, 0.10062943, "Cambridge Hazard", "2016-02-12 15:25:25", "2015-10-01 00:00:00", "A hazard in cambridge", 0, 0
52.20225297, 0.06000935, "Cambridge Hazard", "2016-02-12 15:25:25", "2015-10-01 00:00:00", "A hazard in cambridge", 0, 0
52.18455691, 0.13072183, "Cambridge Hazard", "2016-02-12 15:25:25", "2015-10-01 00:00:00", "A hazard in cambridge", 0, 0
52.19016432, 0.10298863, "Cambridge Hazard", "2016-02-12 15:25:25", "2015-10-01 00:00:00", "A hazard in cambridge", 0, 0
52.22141658, 0.10583483, "Cambridge Hazard", "2016-02-12 15:25:25", "2015-10-01 00:00:00", "A hazard in cambridge", 0, 0
52.18498426, 0.12041832, "Cambridge Hazard", "2016-02-12 15:25:25", "2015-10-01 00:00:00", "A hazard in cambridge", 0, 0
52.22503103, 0.1618596, "Cambridge Hazard", "2016-02-12 15:25:25", "2015-10-01 00:00:00", "A hazard in cambridge", 0, 0
52.21264684, 0.08768275, "Cambridge Hazard", "2016-02-12 15:25:25", "2015-10-01 00:00:00", "A hazard in cambridge", 0, 0
52.16785823, 0.11226111, "Cambridge Hazard", "2016-02-12 15:25:25", "2015-10-01 00:00:00", "A hazard in cambridge", 0, 0
52.21328384, 0.08273318, "Cambridge Hazard", "2016-02-12 15:25:25", "2015-10-01 00:00:00", "A hazard in cambridge", 0, 0
52.21875182, 0.11017853, "Cambridge Hazard", "2016-02-12 15:25:25", "2015-10-01 00:00:00", "A hazard in cambridge", 0, 0
52.19548133, 0.13867708, "Cambridge Hazard", "2016-02-12 15:25:25", "2015-10-01 00:00:00", "A hazard in cambridge", 0, 0
52.19211291, 0.09031097, "Cambridge Hazard", "2016-02-12 15:25:25", "2015-10-01 00:00:00", "A hazard in cambridge", 0, 0
52.18948851, 0.11699673, "Cambridge Hazard", "2016-02-12 15:25:25", "2015-10-01 00:00:00", "A hazard in cambridge", 0, 0
52.23248476, 0.15189372, "Cambridge Hazard", "2016-02-12 15:25:25", "2015-10-01 00:00:00", "A hazard in cambridge", 0, 0
52.18713076, 0.17490299, "Cambridge Hazard", "2016-02-12 15:25:25", "2015-10-01 00:00:00", "A hazard in cambridge", 0, 0
52.19162813, 0.14257682, "Cambridge Hazard", "2016-02-12 15:25:25", "2015-10-01 00:00:00", "A hazard in cambridge", 0, 0
52.18793951, 0.05556494, "Cambridge Hazard", "2016-02-12 15:25:25", "2015-10-01 00:00:00", "A hazard in cambridge", 0, 0
52.19529652, 0.14863719, "Cambridge Hazard", "2016-02-12 15:25:25", "2015-10-01 00:00:00", "A hazard in cambridge", 0, 0
52.21495442, 0.15157695, "Cambridge Hazard", "2016-02-12 15:25:25", "2015-10-01 00:00:00", "A hazard in cambridge", 0, 0
52.17411465, 0.11444712, "Cambridge Hazard", "2016-02-12 15:25:25", "2015-10-01 00:00:00", "A hazard in cambridge", 0, 0
52.1858294, 0.1063048, "Cambridge Hazard", "2016-02-12 15:25:25", "2015-10-01 00:00:00", "A hazard in cambridge", 0, 0
52.19804996, 0.18804503, "Cambridge Hazard", "2016-02-12 15:25:25", "2015-10-01 00:00:00", "A hazard in cambridge", 0, 0
52.22867137, 0.10502702, "Cambridge Hazard", "2016-02-12 15:25:25", "2015-10-01 00:00:00", "A hazard in cambridge", 0, 0
52.22972622, 0.12188869, "Cambridge Hazard", "2016-02-12 15:25:25", "2015-10-01 00:00:00", "A hazard in cambridge", 0, 0
52.19962234, 0.0653479, "Cambridge Hazard", "2016-02-12 15:25:25", "2015-10-01 00:00:00", "A hazard in cambridge", 0, 0
52.23135319, 0.12674636, "Cambridge Hazard", "2016-02-12 15:25:25", "2015-10-01 00:00:00", "A hazard in cambridge", 0, 0
52.22828894, 0.11398168, "Cambridge Hazard", "2016-02-12 15:25:25", "2015-10-01 00:00:00", "A hazard in cambridge", 0, 0
52.20631877, 0.16475103, "Cambridge Hazard", "2016-02-12 15:25:25", "2015-10-01 00:00:00", "A hazard in cambridge", 0, 0
52.19836249, 0.10967439, "Cambridge Hazard", "2016-02-12 15:25:25", "2015-10-01 00:00:00", "A hazard in cambridge", 0, 0
52.22291173, 0.11254353, "Cambridge Hazard", "2016-02-12 15:25:25", "2015-10-01 00:00:00", "A hazard in cambridge", 0, 0
52.1884689, 0.13882894, "Cambridge Hazard", "2016-02-12 15:25:25", "2015-10-01 00:00:00", "A hazard in cambridge", 0, 0
52.19767632, 0.10204568, "Cambridge Hazard", "2016-02-12 15:25:25", "2015-10-01 00:00:00", "A hazard in cambridge", 0, 0
52.23673568, 0.15162242, "Cambridge Hazard", "2016-02-12 15:25:25", "2015-10-01 00:00:00", "A hazard in cambridge", 0, 0
52.19971564, 0.1376394, "Cambridge Hazard", "2016-02-12 15:25:25", "2015-10-01 00:00:00", "A hazard in cambridge", 0, 0
52.21870306, 0.1686488, "Cambridge Hazard", "2016-02-12 15:25:25", "2015-10-01 00:00:00", "A hazard in cambridge", 0, 0
52.17694501, 0.12328324, "Cambridge Hazard", "2016-02-12 15:25:25", "2015-10-01 00:00:00", "A hazard in cambridge", 0, 0
52.20959906, 0.0582313, "Cambridge Hazard", "2016-02-12 15:25:25", "2015-10-01 00:00:00", "A hazard in cambridge", 0, 0
52.2310626, 0.12356248, "Cambridge Hazard", "2016-02-12 15:25:25", "2015-10-01 00:00:00", "A hazard in cambridge", 0, 0
52.20074503, 0.15714444, "Cambridge Hazard", "2016-02-12 15:25:25", "2015-10-01 00:00:00", "A hazard in cambridge", 0, 0
52.18273283, 0.08573527, "Cambridge Hazard", "2016-02-12 15:25:25", "2015-10-01 00:00:00", "A hazard in cambridge", 0, 0
52.23709106, 0.09346814, "Cambridge Hazard", "2016-02-12 15:25:25", "2015-10-01 00:00:00", "A hazard in cambridge", 0, 0
52.22063604, 0.12068017, "Cambridge Hazard", "2016-02-12 15:25:25", "2015-10-01 00:00:00", "A hazard in cambridge", 0, 0
52.19408303, 0.07299884, "Cambridge Hazard", "2016-02-12 15:25:25", "2015-10-01 00:00:00", "A hazard in cambridge", 0, 0
52.21241486, 0.15745233, "Cambridge Hazard", "2016-02-12 15:25:25", "2015-10-01 00:00:00", "A hazard in cambridge", 0, 0
52.19903596, 0.11436897, "Cambridge Hazard", "2016-02-12 15:25:25", "2015-10-01 00:00:00", "A hazard in cambridge", 0, 0
52.20021838, 0.11415265, "Cambridge Hazard", "2016-02-12 15:25:25", "2015-10-01 00:00:00", "A hazard in cambridge", 0, 0
52.202366, 0.14303439, "Cambridge Hazard", "2016-02-12 15:25:25", "2015-10-01 00:00:00", "A hazard in cambridge", 0, 0
52.22281936, 0.17104176, "Cambridge Hazard", "2016-02-12 15:25:25", "2015-10-01 00:00:00", "A hazard in cambridge", 0, 0
52.21684767, 0.14457355, "Cambridge Hazard", "2016-02-12 15:25:25", "2015-10-01 00:00:00", "A hazard in cambridge", 0, 0
52.22977558, 0.09577999, "Cambridge Hazard", "2016-02-12 15:25:25", "2015-10-01 00:00:00", "A hazard in cambridge", 0, 0
52.23139939, 0.11297957, "Cambridge Hazard", "2016-02-12 15:25:25", "2015-10-01 00:00:00", "A hazard in cambridge", 0, 0
52.22199077, 0.15999304, "Cambridge Hazard", "2016-02-12 15:25:25", "2015-10-01 00:00:00", "A hazard in cambridge", 0, 0
52.23099194, 0.15906129, "Cambridge Hazard", "2016-02-12 15:25:25", "2015-10-01 00:00:00", "A hazard in cambridge", 0, 0
52.17897661, 0.15897134, "Cambridge Hazard", "2016-02-12 15:25:25", "2015-10-01 00:00:00", "A hazard in cambridge", 0, 0
52.17651587, 0.08066441, "Cambridge Hazard", "2016-02-12 15:25:25", "2015-10-01 00:00:00", "A hazard in cambridge", 0, 0
52.20171172, 0.13628125, "Cambridge Hazard", "2016-02-12 15:25:25", "2015-10-01 00:00:00", "A hazard in cambridge", 0, 0
52.23824413, 0.10009701, "Cambridge Hazard", "2016-02-12 15:25:25", "2015-10-01 00:00:00", "A hazard in cambridge", 0, 0
52.22060787, 0.08109028, "Cambridge Hazard", "2016-02-12 15:25:25", "2015-10-01 00:00:00", "A hazard in cambridge", 0, 0
52.21675241, 0.18366087, "Cambridge Hazard", "2016-02-12 15:25:25", "2015-10-01 00:00:00", "A hazard in cambridge", 0, 0
52.24628181, 0.10451968, "Cambridge Hazard", "2016-02-12 15:25:25", "2015-10-01 00:00:00", "A hazard in cambridge", 0, 0
52.20325609, 0.17713319, "Cambridge Hazard", "2016-02-12 15:25:25", "2015-10-01 00:00:00", "A hazard in cambridge", 0, 0
52.19261505, 0.05292973, "Cambridge Hazard", "2016-02-12 15:25:25", "2015-10-01 00:00:00", "A hazard in cambridge", 0, 0
52.20225688, 0.12895017, "Cambridge Hazard", "2016-02-12 15:25:25", "2015-10-01 00:00:00", "A hazard in cambridge", 0, 0
52.24153758, 0.15190168, "Cambridge Hazard", "2016-02-12 15:25:25", "2015-10-01 00:00:00", "A hazard in cambridge", 0, 0
52.19773353, 0.10891703, "Cambridge Hazard", "2016-02-12 15:25:25", "2015-10-01 00:00:00", "A hazard in cambridge", 0, 0
52.22611221, 0.05929032, "Cambridge Hazard", "2016-02-12 15:25:25", "2015-10-01 00:00:00", "A hazard in cambridge", 0, 0
52.23487894, 0.1234344, "Cambridge Hazard", "2016-02-12 15:25:25", "2015-10-01 00:00:00", "A hazard in cambridge", 0, 0
52.21238801, 0.11845901, "Cambridge Hazard", "2016-02-12 15:25:25", "2015-10-01 00:00:00", "A hazard in cambridge", 0, 0
52.20585583, 0.15857165, "Cambridge Hazard", "2016-02-12 15:25:25", "2015-10-01 00:00:00", "A hazard in cambridge", 0, 0
52.2201502, 0.12691092, "Cambridge Hazard", "2016-02-12 15:25:25", "2015-10-01 00:00:00", "A hazard in cambridge", 0, 0
52.17829268, 0.08254208, "Cambridge Hazard", "2016-02-12 15:25:25", "2015-10-01 00:00:00", "A hazard in cambridge", 0, 0
52.18869747, 0.15131396, "Cambridge Hazard", "2016-02-12 15:25:25", "2015-10-01 00:00:00", "A hazard in cambridge", 0, 0
52.24545574, 0.11658075, "Cambridge Hazard", "2016-02-12 15:25:25", "2015-10-01 00:00:00", "A hazard in cambridge", 0, 0
52.1878276, 0.11265312, "Cambridge Hazard", "2016-02-12 15:25:25", "2015-10-01 00:00:00", "A hazard in cambridge", 0, 0
52.17998403, 0.11390937, "Cambridge Hazard", "2016-02-12 15:25:25", "2015-10-01 00:00:00", "A hazard in cambridge", 0, 0
52.19486959, 0.11793013, "Cambridge Hazard", "2016-02-12 15:25:25", "2015-10-01 00:00:00", "A hazard in cambridge", 0, 0
52.18905323, 0.12026741, "Cambridge Hazard", "2016-02-12 15:25:25", "2015-10-01 00:00:00", "A hazard in cambridge", 0, 0
52.22957044, 0.08295898, "Cambridge Hazard", "2016-02-12 15:25:25", "2015-10-01 00:00:00", "A hazard in cambridge", 0, 0
52.21722442, 0.12169003, "Cambridge Hazard", "2016-02-12 15:25:25", "2015-10-01 00:00:00", "A hazard in cambridge", 0, 0
52.17209109, 0.13723306, "Cambridge Hazard", "2016-02-12 15:25:25", "2015-10-01 00:00:00", "A hazard in cambridge", 0, 0
52.21046215, 0.17937284, "Cambridge Hazard", "2016-02-12 15:25:25", "2015-10-01 00:00:00", "A hazard in cambridge", 0, 0
52.18874984, 0.16088799, "Cambridge Hazard", "2016-02-12 15:25:25", "2015-10-01 00:00:00", "A hazard in cambridge", 0, 0
52.19417517, 0.10778217, "Cambridge Hazard", "2016-02-12 15:25:25", "2015-10-01 00:00:00", "A hazard in cambridge", 0, 0
52.20215946, 0.05462921, "Cambridge Hazard", "2016-02-12 15:25:25", "2015-10-01 00:00:00", "A hazard in cambridge", 0, 0
52.21642167, 0.15878999, "Cambridge Hazard", "2016-02-12 15:25:25", "2015-10-01 00:00:00", "A hazard in cambridge", 0, 0
52.20110745, 0.11945501, "Cambridge Hazard", "2016-02-12 15:25:25", "2015-10-01 00:00:00", "A hazard in cambridge", 0, 0
52.18600435, 0.17780486, "Cambridge Hazard", "2016-02-12 15:25:25", "2015-10-01 00:00:00", "A hazard in cambridge", 0, 0
52.22265201, 0.16833111, "Cambridge Hazard", "2016-02-12 15:25:25", "2015-10-01 00:00:00", "A hazard in cambridge", 0, 0
52.20996416, 0.10271447, "Cambridge Hazard", "2016-02-12 15:25:25", "2015-10-01 00:00:00", "A hazard in cambridge", 0, 0
52.22821001, 0.10035416, "Cambridge Hazard", "2016-02-12 15:25:25", "2015-10-01 00:00:00", "A hazard in cambridge", 0, 0
52.21990077, 0.13969396, "Cambridge Hazard", "2016-02-12 15:25:25", "2015-10-01 00:00:00", "A hazard in cambridge", 0, 0
52.2212109, 0.08054195, "Cambridge Hazard", "2016-02-12 15:25:25", "2015-10-01 00:00:00", "A hazard in cambridge", 0, 0
52.21710703, 0.12499615, "Cambridge Hazard", "2016-02-12 15:25:25", "2015-10-01 00:00:00", "A hazard in cambridge", 0, 0
52.16912533, 0.11594836, "Cambridge Hazard", "2016-02-12 15:25:25", "2015-10-01 00:00:00", "A hazard in cambridge", 0, 0
52.23223257, 0.16476464, "Cambridge Hazard", "2016-02-12 15:25:25", "2015-10-01 00:00:00", "A hazard in cambridge", 0, 0
52.18722392, 0.17999589, "Cambridge Hazard", "2016-02-12 15:25:25", "2015-10-01 00:00:00", "A hazard in cambridge", 0, 0
52.20556575, 0.18956313, "Cambridge Hazard", "2016-02-12 15:25:25", "2015-10-01 00:00:00", "A hazard in cambridge", 0, 0
56.34466097,-4.01078639, "Not Cambridge Hazard", "2016-02-12 15:25:25", "2015-10-01 00:00:00", "A hazard not in cambridge", 0, 0
56.45308792,-3.5480247, "Not Cambridge Hazard", "2016-02-12 15:25:25", "2015-10-01 00:00:00", "A hazard not in cambridge", 0, 0
56.5359339,-3.90633913, "Not Cambridge Hazard", "2016-02-12 15:25:25", "2015-10-01 00:00:00", "A hazard not in cambridge", 0, 0
56.47318838,-3.7765677, "Not Cambridge Hazard", "2016-02-12 15:25:25", "2015-10-01 00:00:00", "A hazard not in cambridge", 0, 0
56.53011113,-4.07690234, "Not Cambridge Hazard", "2016-02-12 15:25:25", "2015-10-01 00:00:00", "A hazard not in cambridge", 0, 0
56.28647903,-3.7188107, "Not Cambridge Hazard", "2016-02-12 15:25:25", "2015-10-01 00:00:00", "A hazard not in cambridge", 0, 0
56.41494429,-3.91740484, "Not Cambridge Hazard", "2016-02-12 15:25:25", "2015-10-01 00:00:00", "A hazard not in cambridge", 0, 0
56.33011979,-3.98718016, "Not Cambridge Hazard", "2016-02-12 15:25:25", "2015-10-01 00:00:00", "A hazard not in cambridge", 0, 0
56.39966272,-3.77408265, "Not Cambridge Hazard", "2016-02-12 15:25:25", "2015-10-01 00:00:00", "A hazard not in cambridge", 0, 0
56.53629148,-3.68035919, "Not Cambridge Hazard", "2016-02-12 15:25:25", "2015-10-01 00:00:00", "A hazard not in cambridge", 0, 0
56.37088018,-3.57386893, "Not Cambridge Hazard", "2016-02-12 15:25:25", "2015-10-01 00:00:00", "A hazard not in cambridge", 0, 0
56.23674629,-3.94966979, "Not Cambridge Hazard", "2016-02-12 15:25:25", "2015-10-01 00:00:00", "A hazard not in cambridge", 0, 0
56.54265356,-3.63750454, "Not Cambridge Hazard", "2016-02-12 15:25:25", "2015-10-01 00:00:00", "A hazard not in cambridge", 0, 0
56.26891077,-3.94947319, "Not Cambridge Hazard", "2016-02-12 15:25:25", "2015-10-01 00:00:00", "A hazard not in cambridge", 0, 0
56.60311784,-3.9118605, "Not Cambridge Hazard", "2016-02-12 15:25:25", "2015-10-01 00:00:00", "A hazard not in cambridge", 0, 0
56.31320443,-3.79172761, "Not Cambridge Hazard", "2016-02-12 15:25:25", "2015-10-01 00:00:00", "A hazard not in cambridge", 0, 0
56.59641919,-3.98205928, "Not Cambridge Hazard", "2016-02-12 15:25:25", "2015-10-01 00:00:00", "A hazard not in cambridge", 0, 0
56.37772294,-4.19508142, "Not Cambridge Hazard", "2016-02-12 15:25:25", "2015-10-01 00:00:00", "A hazard not in cambridge", 0, 0
56.37996266,-3.7633076, "Not Cambridge Hazard", "2016-02-12 15:25:25", "2015-10-01 00:00:00", "A hazard not in cambridge", 0, 0
56.32166218,-3.56135853, "Not Cambridge Hazard", "2016-02-12 15:25:25", "2015-10-01 00:00:00", "A hazard not in cambridge", 0, 0
56.44702852,-4.10755498, "Not Cambridge Hazard", "2016-02-12 15:25:25", "2015-10-01 00:00:00", "A hazard not in cambridge", 0, 0
56.57365286,-4.03647723, "Not Cambridge Hazard", "2016-02-12 15:25:25", "2015-10-01 00:00:00", "A hazard not in cambridge", 0, 0
56.36476915,-3.61375929, "Not Cambridge Hazard", "2016-02-12 15:25:25", "2015-10-01 00:00:00", "A hazard not in cambridge", 0, 0
56.6297287,-3.96138555, "Not Cambridge Hazard", "2016-02-12 15:25:25", "2015-10-01 00:00:00", "A hazard not in cambridge", 0, 0
56.43757,-3.51763362, "Not Cambridge Hazard", "2016-02-12 15:25:25", "2015-10-01 00:00:00", "A hazard not in cambridge", 0, 0
56.44943672,-3.85725726, "Not Cambridge Hazard", "2016-02-12 15:25:25", "2015-10-01 00:00:00", "A hazard not in cambridge", 0, 0
56.61101909,-3.99779609, "Not Cambridge Hazard", "2016-02-12 15:25:25", "2015-10-01 00:00:00", "A hazard not in cambridge", 0, 0
56.36518702,-3.68373563, "Not Cambridge Hazard", "2016-02-12 15:25:25", "2015-10-01 00:00:00", "A hazard not in cambridge", 0, 0
56.4910546,-3.53134774, "Not Cambridge Hazard", "2016-02-12 15:25:25", "2015-10-01 00:00:00", "A hazard not in cambridge", 0, 0
56.43393107,-3.65672766, "Not Cambridge Hazard", "2016-02-12 15:25:25", "2015-10-01 00:00:00", "A hazard not in cambridge", 0, 0
56.2604193,-3.9057964, "Not Cambridge Hazard", "2016-02-12 15:25:25", "2015-10-01 00:00:00", "A hazard not in cambridge", 0, 0
56.41612445,-3.82469723, "Not Cambridge Hazard", "2016-02-12 15:25:25", "2015-10-01 00:00:00", "A hazard not in cambridge", 0, 0
56.5125683,-3.87779175, "Not Cambridge Hazard", "2016-02-12 15:25:25", "2015-10-01 00:00:00", "A hazard not in cambridge", 0, 0
56.3015037,-3.65925747, "Not Cambridge Hazard", "2016-02-12 15:25:25", "2015-10-01 00:00:00", "A hazard not in cambridge", 0, 0
56.37134131,-3.71400746, "Not Cambridge Hazard", "2016-02-12 15:25:25", "2015-10-01 00:00:00", "A hazard not in cambridge", 0, 0
56.41296594,-4.16368883, "Not Cambridge Hazard", "2016-02-12 15:25:25", "2015-10-01 00:00:00", "A hazard not in cambridge", 0, 0
56.53081192,-3.71068921, "Not Cambridge Hazard", "2016-02-12 15:25:25", "2015-10-01 00:00:00", "A hazard not in cambridge", 0, 0
56.48598729,-3.55306569, "Not Cambridge Hazard", "2016-02-12 15:25:25", "2015-10-01 00:00:00", "A hazard not in cambridge", 0, 0
56.42674429,-3.96853548, "Not Cambridge Hazard", "2016-02-12 15:25:25", "2015-10-01 00:00:00", "A hazard not in cambridge", 0, 0
56.42854681,-3.47092968, "Not Cambridge Hazard", "2016-02-12 15:25:25", "2015-10-01 00:00:00", "A hazard not in cambridge", 0, 0
56.57686204,-3.56113293, "Not Cambridge Hazard", "2016-02-12 15:25:25", "2015-10-01 00:00:00", "A hazard not in cambridge", 0, 0
56.52868504,-4.18139779, "Not Cambridge Hazard", "2016-02-12 15:25:25", "2015-10-01 00:00:00", "A hazard not in cambridge", 0, 0
56.48249844,-3.75985607, "Not Cambridge Hazard", "2016-02-12 15:25:25", "2015-10-01 00:00:00", "A hazard not in cambridge", 0, 0
56.56678818,-3.77743226, "Not Cambridge Hazard", "2016-02-12 15:25:25", "2015-10-01 00:00:00", "A hazard not in cambridge", 0, 0
56.59460486,-3.68840367, "Not Cambridge Hazard", "2016-02-12 15:25:25", "2015-10-01 00:00:00", "A hazard not in cambridge", 0, 0
56.54337256,-3.6838047, "Not Cambridge Hazard", "2016-02-12 15:25:25", "2015-10-01 00:00:00", "A hazard not in cambridge", 0, 0
56.28285142,-4.02742515, "Not Cambridge Hazard", "2016-02-12 15:25:25", "2015-10-01 00:00:00", "A hazard not in cambridge", 0, 0
56.31914894,-3.60615064, "Not Cambridge Hazard", "2016-02-12 15:25:25", "2015-10-01 00:00:00", "A hazard not in cambridge", 0, 0
56.43254692,-3.97047547, "Not Cambridge Hazard", "2016-02-12 15:25:25", "2015-10-01 00:00:00", "A hazard not in cambridge", 0, 0
56.48439206,-3.55653789, "Not Cambridge Hazard", "2016-02-12 15:25:25", "2015-10-01 00:00:00", "A hazard not in cambridge", 0, 0
56.26299869,-3.76374745, "Not Cambridge Hazard", "2016-02-12 15:25:25", "2015-10-01 00:00:00", "A hazard not in cambridge", 0, 0
56.35649899,-3.72067722, "Not Cambridge Hazard", "2016-02-12 15:25:25", "2015-10-01 00:00:00", "A hazard not in cambridge", 0, 0
56.28478404,-3.6689882, "Not Cambridge Hazard", "2016-02-12 15:25:25", "2015-10-01 00:00:00", "A hazard not in cambridge", 0, 0
56.40058517,-4.00612218, "Not Cambridge Hazard", "2016-02-12 15:25:25", "2015-10-01 00:00:00", "A hazard not in cambridge", 0, 0
56.46722185,-3.82107771, "Not Cambridge Hazard", "2016-02-12 15:25:25", "2015-10-01 00:00:00", "A hazard not in cambridge", 0, 0
56.56493208,-4.09947071, "Not Cambridge Hazard", "2016-02-12 15:25:25", "2015-10-01 00:00:00", "A hazard not in cambridge", 0, 0
56.22599021,-3.74048875, "Not Cambridge Hazard", "2016-02-12 15:25:25", "2015-10-01 00:00:00", "A hazard not in cambridge", 0, 0
56.44395718,-3.6929629, "Not Cambridge Hazard", "2016-02-12 15:25:25", "2015-10-01 00:00:00", "A hazard not in cambridge", 0, 0
56.35752359,-3.60736163, "Not Cambridge Hazard", "2016-02-12 15:25:25", "2015-10-01 00:00:00", "A hazard not in cambridge", 0, 0
56.60335396,-3.8780441, "Not Cambridge Hazard", "2016-02-12 15:25:25", "2015-10-01 00:00:00", "A hazard not in cambridge", 0, 0
56.60417802,-3.93743773, "Not Cambridge Hazard", "2016-02-12 15:25:25", "2015-10-01 00:00:00", "A hazard not in cambridge", 0, 0
56.54897379,-3.76947661, "Not Cambridge Hazard", "2016-02-12 15:25:25", "2015-10-01 00:00:00", "A hazard not in cambridge", 0, 0
56.6304323,-3.70754938, "Not Cambridge Hazard", "2016-02-12 15:25:25", "2015-10-01 00:00:00", "A hazard not in cambridge", 0, 0
56.58043171,-3.89188335, "Not Cambridge Hazard", "2016-02-12 15:25:25", "2015-10-01 00:00:00", "A hazard not in cambridge", 0, 0
56.52777331,-3.86104293, "Not Cambridge Hazard", "2016-02-12 15:25:25", "2015-10-01 00:00:00", "A hazard not in cambridge", 0, 0
56.62762415,-3.85266417, "Not Cambridge Hazard", "2016-02-12 15:25:25", "2015-10-01 00:00:00", "A hazard not in cambridge", 0, 0
56.60405577,-3.7801687, "Not Cambridge Hazard", "2016-02-12 15:25:25", "2015-10-01 00:00:00", "A hazard not in cambridge", 0, 0
56.40869407,-3.46208677, "Not Cambridge Hazard", "2016-02-12 15:25:25", "2015-10-01 00:00:00", "A hazard not in cambridge", 0, 0
56.61588678,-3.98535822, "Not Cambridge Hazard", "2016-02-12 15:25:25", "2015-10-01 00:00:00", "A hazard not in cambridge", 0, 0
56.29546772,-3.96494089, "Not Cambridge Hazard", "2016-02-12 15:25:25", "2015-10-01 00:00:00", "A hazard not in cambridge", 0, 0
56.565313,-4.11740251, "Not Cambridge Hazard", "2016-02-12 15:25:25", "2015-10-01 00:00:00", "A hazard not in cambridge", 0, 0
56.36840552,-3.82328082, "Not Cambridge Hazard", "2016-02-12 15:25:25", "2015-10-01 00:00:00", "A hazard not in cambridge", 0, 0
56.33963548,-4.1631081, "Not Cambridge Hazard", "2016-02-12 15:25:25", "2015-10-01 00:00:00", "A hazard not in cambridge", 0, 0
56.52023014,-3.96685231, "Not Cambridge Hazard", "2016-02-12 15:25:25", "2015-10-01 00:00:00", "A hazard not in cambridge", 0, 0
56.40999015,-3.65942503, "Not Cambridge Hazard", "2016-02-12 15:25:25", "2015-10-01 00:00:00", "A hazard not in cambridge", 0, 0
56.22043051,-3.75502855, "Not Cambridge Hazard", "2016-02-12 15:25:25", "2015-10-01 00:00:00", "A hazard not in cambridge", 0, 0
56.25902349,-3.91606343, "Not Cambridge Hazard", "2016-02-12 15:25:25", "2015-10-01 00:00:00", "A hazard not in cambridge", 0, 0
56.3345848,-3.94500428, "Not Cambridge Hazard", "2016-02-12 15:25:25", "2015-10-01 00:00:00", "A hazard not in cambridge", 0, 0
56.47955631,-3.95876749, "Not Cambridge Hazard", "2016-02-12 15:25:25", "2015-10-01 00:00:00", "A hazard not in cambridge", 0, 0
56.471937,-3.87807647, "Not Cambridge Hazard", "2016-02-12 15:25:25", "2015-10-01 00:00:00", "A hazard not in cambridge", 0, 0
56.63331376,-3.96196974, "Not Cambridge Hazard", "2016-02-12 15:25:25", "2015-10-01 00:00:00", "A hazard not in cambridge", 0, 0
56.44241739,-3.81159142, "Not Cambridge Hazard", "2016-02-12 15:25:25", "2015-10-01 00:00:00", "A hazard not in cambridge", 0, 0
56.53173601,-4.0708356, "Not Cambridge Hazard", "2016-02-12 15:25:25", "2015-10-01 00:00:00", "A hazard not in cambridge", 0, 0
56.4527642,-3.57752796, "Not Cambridge Hazard", "2016-02-12 15:25:25", "2015-10-01 00:00:00", "A hazard not in cambridge", 0, 0
56.46649886,-4.07054128, "Not Cambridge Hazard", "2016-02-12 15:25:25", "2015-10-01 00:00:00", "A hazard not in cambridge", 0, 0
56.40643345,-3.75020351, "Not Cambridge Hazard", "2016-02-12 15:25:25", "2015-10-01 00:00:00", "A hazard not in cambridge", 0, 0
56.50752463,-3.50359192, "Not Cambridge Hazard", "2016-02-12 15:25:25", "2015-10-01 00:00:00", "A hazard not in cambridge", 0, 0
56.33135949,-3.59679605, "Not Cambridge Hazard", "2016-02-12 15:25:25", "2015-10-01 00:00:00", "A hazard not in cambridge", 0, 0
56.35638934,-3.92170185, "Not Cambridge Hazard", "2016-02-12 15:25:25", "2015-10-01 00:00:00", "A hazard not in cambridge", 0, 0
56.26042592,-3.66728188, "Not Cambridge Hazard", "2016-02-12 15:25:25", "2015-10-01 00:00:00", "A hazard not in cambridge", 0, 0
56.51575747,-3.9730867, "Not Cambridge Hazard", "2016-02-12 15:25:25", "2015-10-01 00:00:00", "A hazard not in cambridge", 0, 0
56.5268581,-4.10415352, "Not Cambridge Hazard", "2016-02-12 15:25:25", "2015-10-01 00:00:00", "A hazard not in cambridge", 0, 0
56.25607338,-4.04080318, "Not Cambridge Hazard", "2016-02-12 15:25:25", "2015-10-01 00:00:00", "A hazard not in cambridge", 0, 0
56.5986972,-3.9247303, "Not Cambridge Hazard", "2016-02-12 15:25:25", "2015-10-01 00:00:00", "A hazard not in cambridge", 0, 0
56.26998205,-3.86187773, "Not Cambridge Hazard", "2016-02-12 15:25:25", "2015-10-01 00:00:00", "A hazard not in cambridge", 0, 0
56.46358531,-3.67152452, "Not Cambridge Hazard", "2016-02-12 15:25:25", "2015-10-01 00:00:00", "A hazard not in cambridge", 0, 0
56.57188809,-3.66213843, "Not Cambridge Hazard", "2016-02-12 15:25:25", "2015-10-01 00:00:00", "A hazard not in cambridge", 0, 0
56.40814472,-4.04178631, "Not Cambridge Hazard", "2016-02-12 15:25:25", "2015-10-01 00:00:00", "A hazard not in cambridge", 0, 0
56.27899663,-3.75242034, "Not Cambridge Hazard", "2016-02-12 15:25:25", "2015-10-01 00:00:00", "A hazard not in cambridge", 0, 0
56.38844374,-3.91968423, "Not Cambridge Hazard", "2016-02-12 15:25:25", "2015-10-01 00:00:00", "A hazard not in cambridge", 0, 0